test_loss,test_accuracy,test_macro_precision,test_macro_recall,test_macro_f1,test_weighted_precision,test_weighted_recall,test_weighted_f1,test_balanced_accuracy
1.835351422561166,0.6033440773569702,0.43548796916992055,0.271295346147864,0.3100717844623941,0.5782037244285573,0.6033440773569702,0.5752596318992408,0.271295346147864
