epoch,train_loss,train_accuracy,train_macro_precision,train_macro_recall,train_macro_f1,train_weighted_f1,train_balanced_accuracy,val_loss,val_accuracy,val_macro_precision,val_macro_recall,val_macro_f1,val_weighted_f1,val_balanced_accuracy
1,0.9508757962397675,0.7780597014925373,0.2334540100519397,0.21418546890214465,0.21481582682920256,0.771097940550358,0.21418546890214465,1.7230014239381624,0.6187919463087248,0.15291946513482035,0.14267553474134045,0.14496417307345963,0.5882946571242709,0.14267553474134045
2,0.15234120623389286,0.9629850746268657,0.4442695250846481,0.37130074389412776,0.36501765890532883,0.9492831976445183,0.37130074389412776,2.108391913471606,0.6067114093959731,0.24841341446007892,0.1762864793160797,0.1932644067770489,0.5804450142787595,0.1762864793160797
3,0.07343789898637515,0.9822388059701492,0.7164904488559263,0.6211391410645226,0.6264625389780035,0.9785990197157056,0.6211391410645226,2.352751714591212,0.6134228187919463,0.31285845972989423,0.21144391444522936,0.23839717859741938,0.5856927540229281,0.21144391444522936
4,0.028033183087080495,0.9935820895522388,0.9035609898015594,0.8350138521491303,0.8400481750019922,0.9925952394338627,0.8350138521491303,2.5845376072313964,0.610738255033557,0.30851141293855244,0.2216141259428181,0.2419136455539288,0.5822572563424356,0.2216141259428181
5,0.01341289517754661,0.9968656716417911,0.9811896797522993,0.9576699937677366,0.9671764795337353,0.9968094711975457,0.9576699937677366,2.926565503114022,0.6120805369127517,0.3947536573239564,0.3007033102969172,0.3228026051967895,0.5813884087729145,0.3007033102969172
6,0.00885449719879387,0.9983582089552239,0.9929189764961279,0.9967135866372231,0.9947412712264364,0.9983636757628491,0.9967135866372231,3.106673184657257,0.610738255033557,0.4308517375333232,0.32941648194943063,0.3551594807351784,0.5823300838860307,0.32941648194943063
7,0.0065349453559784745,0.9986567164179104,0.9998020000843271,0.9950135641276453,0.9972938302668976,0.9986531802067183,0.9950135641276453,3.1232609742439834,0.6013422818791946,0.4234547238075612,0.3093696777643896,0.33848545363036436,0.5752862863565837,0.3093696777643896
8,0.0018588496612927028,0.9998507462686567,0.9998853342506594,0.9999816742413136,0.9999334401282811,0.999850814655785,0.9999816742413136,3.1458254164497323,0.614765100671141,0.37493137693388007,0.2732601290578805,0.29960280823384344,0.5845394427774111,0.2732601290578805
