test_loss,test_accuracy,test_macro_precision,test_macro_recall,test_macro_f1,test_weighted_precision,test_weighted_recall,test_weighted_f1,test_balanced_accuracy
0.3867129836468616,0.9327155519742143,0.292532761038685,0.2723839071634682,0.26902696546098936,0.8980411421848387,0.9327155519742143,0.912330570710377,0.2723839071634682
