epoch,train_loss,train_accuracy,train_macro_precision,train_macro_recall,train_macro_f1,train_weighted_f1,train_balanced_accuracy,val_loss,val_accuracy,val_macro_precision,val_macro_recall,val_macro_f1,val_weighted_f1,val_balanced_accuracy
1,0.8507669755103141,0.796980938979148,0.24127805057505625,0.22929291307396307,0.23070972791149086,0.7989477695215561,0.22929291307396307,1.863378901750501,0.5903337169159953,0.16012118186180627,0.1330342142046406,0.13816056355490394,0.5605877662141762,0.1330342142046406
2,0.13533492890925639,0.9658436740437508,0.5330322443077604,0.4220816398951843,0.42314868806617695,0.9561516750769719,0.4220816398951843,2.331198096824049,0.5868814729574223,0.31610386464621615,0.17486776541454066,0.19805453821946598,0.5608716106108904,0.17486776541454066
3,0.05727851649707459,0.9856722527823973,0.7220330104871899,0.69744282577462,0.6991204297686031,0.9834689661178411,0.69744282577462,2.6310720509571914,0.6018411967779056,0.3908953980757143,0.25337821036610325,0.2715624747627354,0.5737035125641948,0.25337821036610325
4,0.026700890037933245,0.9929640527056416,0.9060297026115073,0.8542550027792817,0.8611089525118378,0.9921138078604876,0.8542550027792817,2.9060132909561878,0.5926352128883774,0.3921649229114076,0.27783767922894126,0.30477693879739265,0.5662325448707579,0.27783767922894126
5,0.010821927716991047,0.9971856210822566,0.9917423959595348,0.9490580395704038,0.954684212701582,0.9969587356781441,0.9490580395704038,3.1050826029892757,0.5983889528193326,0.3174797998261022,0.26879800035219464,0.28229376624977914,0.5692047366576574,0.26879800035219464
6,0.009329929933407283,0.9979531789689139,0.9904485279502127,0.9929120387791667,0.9912902751164253,0.9979548881576579,0.9929120387791667,3.164922852510687,0.6121979286536249,0.34811112839478786,0.27628758819944477,0.2909388985222913,0.5869469660789532,0.27628758819944477
7,0.008834036617021918,0.9980811052833568,0.9994661863811949,0.9996791997123797,0.999572294766982,0.9980807345083793,0.9996791997123797,3.314064805609173,0.5960874568469505,0.31500895768168896,0.26886304684632006,0.28204485623384423,0.5680419100837758,0.26886304684632006
8,0.010290913569405093,0.9975694000255853,0.997225421385681,0.994043594957477,0.9955337539102407,0.9975676238568434,0.994043594957477,3.310739325434484,0.5868814729574223,0.3419332324524424,0.269804026153351,0.2858162092528283,0.5636144560208727,0.269804026153351
