k,val_topk_accuracy,test_topk_accuracy
1,0.4087003222341568,0.4089443996776793
3,0.8061224489795918,0.7965350523771152
5,0.9312567132116004,0.9327155519742143
