test_loss,test_accuracy,test_macro_precision,test_macro_recall,test_macro_f1,test_weighted_precision,test_weighted_recall,test_weighted_f1,test_balanced_accuracy
2.0040305131486496,0.604754230459307,0.31586123335655375,0.2340065003606205,0.25560900137533155,0.5760081251064818,0.604754230459307,0.5745498454560733,0.2340065003606205
