epoch,train_loss,train_accuracy,train_macro_precision,train_macro_recall,train_macro_f1,train_weighted_f1,train_balanced_accuracy,val_loss,val_accuracy,val_macro_precision,val_macro_recall,val_macro_f1,val_weighted_f1,val_balanced_accuracy
1,0.3990424306846377,0.933134328358209,0.5483522228231258,0.47833141064658563,0.48767100939115204,0.9407222196226519,0.47833141064658563,1.9198750219089074,0.6161073825503356,0.29990968076250735,0.23968544582619014,0.25463856941999435,0.5886207669680511,0.23968544582619014
2,0.03145637400642927,0.9949253731343284,0.9824593961246426,0.9111427053609173,0.9315642511685445,0.9946041094755925,0.9111427053609173,2.292888410619441,0.6080536912751678,0.3047214015464646,0.2442306910214399,0.26075955904084863,0.5886341620100854,0.2442306910214399
3,0.014093752297114081,0.9974626865671642,0.9995219697446208,0.9993505510057152,0.999435992637359,0.9974630255410447,0.9993505510057152,2.4027788677471595,0.5946308724832214,0.2672757896836002,0.22500022651005758,0.2378485381161551,0.569053969275035,0.22500022651005758
4,0.010372721927045886,0.9980597014925373,0.9996847969505938,0.9995425007160725,0.9996135346946801,0.99806005818959,0.9995425007160725,2.482434929137262,0.6,0.28859454928295514,0.1932352479576429,0.2196726046071024,0.568656364395059,0.1932352479576429
5,0.010086240202410897,0.9973134328358209,0.999514443989382,0.9994742925373256,0.9994942648716221,0.9973132790458314,0.9994742925373256,2.4572960975186136,0.5919463087248322,0.26452823326191,0.22539095807542506,0.23713207389402566,0.5684812822016879,0.22539095807542506
6,0.007286003007928827,0.997910447761194,0.9996771757553471,0.9996552140861531,0.9996661722342315,0.9979102283921715,0.9996552140861531,2.643991710675643,0.5852348993288591,0.2693735899763285,0.2172001450419402,0.23197576150183222,0.5529459475025453,0.2172001450419402
