test_loss,test_accuracy,test_macro_precision,test_macro_recall,test_macro_f1,test_weighted_precision,test_weighted_recall,test_weighted_f1,test_balanced_accuracy
1.6002742179996892,0.6048885307547677,0.5052875227870737,0.3483412979923792,0.3828077184470155,0.5821827477171193,0.6048885307547677,0.5783696564948403,0.3483412979923792
