epoch,train_loss,train_accuracy,train_macro_precision,train_macro_recall,train_macro_f1,train_weighted_f1,train_balanced_accuracy,val_loss,val_accuracy,val_macro_precision,val_macro_recall,val_macro_f1,val_weighted_f1,val_balanced_accuracy
1,1.4639772218375067,0.5699117308430344,0.11577819396089871,0.10907873930227731,0.10481434843117671,0.5413799218401527,0.10907873930227731,1.5724598853854233,0.571921749136939,0.11677349301237722,0.12306119577119622,0.11630435875776439,0.5371794019776407,0.12306119577119622
2,0.4011297936335509,0.893693232697966,0.2330242147740906,0.24085781240281356,0.22923134684314592,0.8710717185344536,0.24085781240281356,1.9025548460568602,0.567318757192175,0.13906948276507017,0.12130271348335193,0.12321719390329189,0.5426960867460295,0.12130271348335193
3,0.2212409268780157,0.944096200588461,0.32010933878566233,0.3071217724384972,0.2970652953318007,0.9280146579795057,0.3071217724384972,2.1639820894245725,0.5650172612197929,0.14046888774473812,0.1262673399168437,0.12734810395251822,0.5464162743423295,0.1262673399168437
4,0.13472959876572313,0.9605986951515927,0.3557797762960878,0.3782192788152704,0.3648017472449505,0.9501289555857974,0.3782192788152704,2.357591846046843,0.5638665132336018,0.16485740254840425,0.14581212952139969,0.14541748125852144,0.5473229499410803,0.14581212952139969
5,0.09743494715732703,0.972112063451452,0.4435543545399177,0.46360384997457976,0.43309803930233903,0.9666972246090355,0.46360384997457976,2.606874716707148,0.5638665132336018,0.2484384212452259,0.1631507993544662,0.1814652735930281,0.545647658705208,0.1631507993544662
6,0.07597071538576007,0.9769732634002815,0.4692750378785951,0.5208040255984329,0.48832018833235896,0.9729885497144045,0.5208040255984329,2.7055943678931618,0.5627157652474108,0.25098807516083516,0.16481054108731144,0.18250820358135414,0.5473483751199113,0.16481054108731144
