test_loss,test_accuracy,test_macro_precision,test_macro_recall,test_macro_f1,test_weighted_precision,test_weighted_recall,test_weighted_f1,test_balanced_accuracy
2.7458597067188197,0.5848509266720386,0.44211075538293604,0.2693806343650034,0.30496878081972306,0.5653045212860376,0.5848509266720386,0.545085395762855,0.2693806343650034
