epoch,train_loss,train_accuracy,train_macro_precision,train_macro_recall,train_macro_f1,train_weighted_f1,train_balanced_accuracy,val_loss,val_accuracy,val_macro_precision,val_macro_recall,val_macro_f1,val_weighted_f1,val_balanced_accuracy
1,0.9269444742350943,0.7900770195235537,0.22310182280646035,0.21266895315699696,0.20836494180302403,0.7809675488283151,0.21266895315699696,1.80023338176586,0.5587761674718197,0.13519951367378924,0.12382290539284166,0.1208767191117919,0.5295368966135405,0.12382290539284166
2,0.24529216741332652,0.9412502238939638,0.31731511270725027,0.31842801082997707,0.31174548500515725,0.9269024559498412,0.31842801082997707,2.014206238222967,0.5603864734299517,0.1401875390630678,0.14024991139866153,0.1295333145485793,0.5261606797912346,0.14024991139866153
3,0.15773618258449118,0.9605946623679026,0.33854814778496695,0.3862412065095609,0.35433592480074894,0.951406637408325,0.3862412065095609,2.7399669599609866,0.5813204508856683,0.2255278958202033,0.14954132318748678,0.1651998319758886,0.5417972794595893,0.14954132318748678
4,0.11146187296475178,0.968117499552212,0.4635460844510155,0.4433971614043292,0.41982422557118765,0.9605018786768585,0.4433971614043292,2.72804774178399,0.5700483091787439,0.1956363000130881,0.17513078828968423,0.1775906115305284,0.5481526932676851,0.17513078828968423
5,0.10010346403345799,0.9715206878022569,0.4912404923227292,0.5071875829285188,0.4928034710288387,0.9678704504060431,0.5071875829285188,2.7847112442176316,0.5684380032206119,0.2356970551378446,0.19045065104104586,0.2038010372780224,0.5424806761220436,0.19045065104104586
6,0.07462035261625706,0.9785061794734013,0.5666840343501531,0.5686680125831658,0.5544757996551395,0.9754777262100561,0.5686680125831658,3.0366100078619622,0.5780998389694042,0.20123890879800369,0.1544315608297853,0.16343929359673529,0.5424155817513479,0.1544315608297853
