test_loss,test_accuracy,test_macro_precision,test_macro_recall,test_macro_f1,test_weighted_precision,test_weighted_recall,test_weighted_f1,test_balanced_accuracy
2.5753849582456945,0.6116035455278002,0.5381224766857058,0.34891354086271426,0.38739020909537897,0.593528538094794,0.6116035455278002,0.585116899285655,0.34891354086271426
