test_loss,test_accuracy,test_macro_precision,test_macro_recall,test_macro_f1,test_weighted_precision,test_weighted_recall,test_weighted_f1,test_balanced_accuracy
2.697572278630628,0.5954875100725222,0.47478164903485404,0.30714877985010025,0.3356044704042316,0.5732488498709217,0.5954875100725222,0.5639175317691908,0.30714877985010025
