epoch,train_loss,train_accuracy,train_macro_precision,train_macro_recall,train_macro_f1,train_weighted_f1,train_balanced_accuracy,val_loss,val_accuracy,val_macro_precision,val_macro_recall,val_macro_f1,val_weighted_f1,val_balanced_accuracy
1,0.46100432703983135,0.9201146337094752,0.449058216956078,0.3961453055725411,0.4106333864798105,0.9269340217649011,0.3961453055725411,2.0609616776403406,0.5797101449275363,0.21582108943676073,0.1564886375736424,0.17065255982720098,0.5399814246652191,0.1564886375736424
2,0.0342671270361302,0.9955221207236253,0.9809152390234311,0.8551032302701527,0.8858962680742649,0.9949122508413175,0.8551032302701527,2.598407838271628,0.5764895330112721,0.34520299687563344,0.2486368107968081,0.26455621967992904,0.5396525008721943,0.2486368107968081
3,0.01200985870424664,0.9987461938026151,0.9970403230128632,0.9779337362499758,0.9861197976941156,0.9987277540311769,0.9779337362499758,2.8211305855552933,0.5877616747181964,0.3486028669690264,0.25135365363313167,0.2680378973276784,0.5512855358341752,0.25135365363313167
4,0.007813301016484007,0.9987461938026151,0.9997931702165112,0.9998063382038943,0.9997997460375847,0.9987462725251177,0.9998063382038943,2.8105008076162536,0.5925925925925926,0.3528541975491636,0.2680299194403256,0.2864626942979382,0.5592652751681014,0.2680299194403256
5,0.006422826305823142,0.999462654486835,0.9999075866924837,0.9999207834188639,0.9999141768732507,0.9994626882250504,0.9999207834188639,2.886109558664466,0.5909822866344605,0.35015827295114227,0.2656658926962301,0.28403675757831326,0.5546522746629697,0.2656658926962301
6,0.004238561266950146,0.9991044241447251,0.9998635411810097,0.9998503261511968,0.9998569254826284,0.9991043677749586,0.9998503261511968,3.130508797948103,0.5909822866344605,0.34871882398210835,0.26217558798708884,0.2805402699991292,0.551286855332267,0.26217558798708884
