test_loss,test_accuracy,test_macro_precision,test_macro_recall,test_macro_f1,test_weighted_precision,test_weighted_recall,test_weighted_f1,test_balanced_accuracy
731.4673751034917,0.5954875100725222,0.4941597612870763,0.3017310112454448,0.33627899807491696,0.5770865345809456,0.5954875100725222,0.5675272971116163,0.3017310112454448
