epoch,train_loss,train_accuracy,train_macro_precision,train_macro_recall,train_macro_f1,train_weighted_f1,train_balanced_accuracy,val_loss,val_accuracy,val_macro_precision,val_macro_recall,val_macro_f1,val_weighted_f1,val_balanced_accuracy
1,1.7774608916927148,0.47895396740103885,0.0882936327120503,0.08610944786578158,0.08155755781956038,0.46174687947472864,0.08610944786578158,1.698140857492284,0.5636070853462157,0.08031588711624346,0.10379067516603811,0.09003303892847658,0.49427493680171736,0.10379067516603811
2,0.5406114944346421,0.8466774135769299,0.19758112293445904,0.2074876731641442,0.19935202076197578,0.8160303335184625,0.2074876731641442,1.7432981013483855,0.5652173913043478,0.12415909467414077,0.12215170138408799,0.12119758933269789,0.5376094231908967,0.12215170138408799
3,0.25198568937792565,0.9399964176965789,0.2718226594009434,0.28762265341552523,0.279124723491011,0.9218578615854144,0.28762265341552523,2.111605743279204,0.5684380032206119,0.14626356557684264,0.131778622205482,0.13082326444173473,0.5511876640444817,0.131778622205482
4,0.1687088561980459,0.9555794375783628,0.3007924503088542,0.3173338363970825,0.30379259004514675,0.9406184739204697,0.3173338363970825,2.184450821792062,0.5507246376811594,0.14562914829349982,0.1336336878976134,0.1320983075742399,0.5381018341463928,0.1336336878976134
5,0.11869849168269966,0.9674010388679921,0.39657619050090026,0.39271638612717463,0.36427165658835103,0.9586908007419485,0.39271638612717463,2.424403331897877,0.5603864734299517,0.16026989822297252,0.18646789770876143,0.15524884059593927,0.5531432785483638,0.18646789770876143
6,0.0906381232938565,0.9738491850259717,0.429851629643617,0.4570066496250955,0.4273447371243625,0.9679893679553111,0.4570066496250955,2.4349761615820746,0.5458937198067633,0.15313641896440683,0.14481988102787088,0.14607435136179753,0.5505431507868291,0.14481988102787088
