test_loss,test_accuracy,test_macro_precision,test_macro_recall,test_macro_f1,test_weighted_precision,test_weighted_recall,test_weighted_f1,test_balanced_accuracy
2.6994327461402516,0.6063658340048348,0.4244736961952748,0.3187811754645308,0.3465746484579387,0.5789616555819823,0.6063658340048348,0.5786535674278566,0.3187811754645308
