epoch,train_loss,train_accuracy,train_macro_precision,train_macro_recall,train_macro_f1,train_weighted_f1,train_balanced_accuracy,val_loss,val_accuracy,val_macro_precision,val_macro_recall,val_macro_f1,val_weighted_f1,val_balanced_accuracy
1,0.3305581555876298,0.9416834564584733,0.6827209230664072,0.5452741353832496,0.5785728387581383,0.9478499521065564,0.5452741353832496,2.104379694267342,0.6072507552870091,0.4190209626299527,0.34297175273262936,0.36083573615703834,0.5820632139020293,0.34297175273262936
2,0.03405803757571042,0.9929482874412358,0.9946977655406056,0.9529177160911431,0.9663593232419649,0.9928328957641653,0.9529177160911431,2.2900481725867543,0.6072507552870091,0.4151193001639005,0.347591076703428,0.36317486704789187,0.5883779491964073,0.347591076703428
3,0.023143497531583526,0.9939556749496307,0.9989921977855554,0.9987240307672589,0.9988577623348035,0.9939566198027028,0.9987240307672589,2.409015132101161,0.6042296072507553,0.4149238456849232,0.34402746417126406,0.36060166326016135,0.582242883861074,0.34402746417126406
4,0.02258956075590942,0.994179538840385,0.9988569111266514,0.9988487445434001,0.9988528246609959,0.9941793845218764,0.9988487445434001,2.445899414752065,0.6042296072507553,0.41714949825226194,0.34327683790328406,0.36064067806594813,0.5801076017386637,0.34327683790328406
5,0.01847100544223432,0.9946272666218939,0.9990268667967751,0.9989626776928681,0.99899473474738,0.9946276558794713,0.9989626776928681,2.4202758836121956,0.608257804632427,0.4670596892735041,0.3574667900401158,0.38215360033787743,0.5864197006034229,0.3574667900401158
6,0.015935371957430777,0.9954107902395344,0.9992284925753808,0.9991985180027547,0.9992134471601954,0.9954106215075088,0.9991985180027547,2.725659947380919,0.6143001007049346,0.4222781770525919,0.3426071967248438,0.36070280646033426,0.5851999765642321,0.3426071967248438
