test_loss,test_accuracy,test_macro_precision,test_macro_recall,test_macro_f1,test_weighted_precision,test_weighted_recall,test_weighted_f1,test_balanced_accuracy
2.6604649192570293,0.6112006446414182,0.5517306426245272,0.3815692946309806,0.4201434457685518,0.5944160625307187,0.6112006446414182,0.5855081225822558,0.3815692946309806
