epoch,train_loss,train_accuracy,train_macro_precision,train_macro_recall,train_macro_f1,train_weighted_f1,train_balanced_accuracy,val_loss,val_accuracy,val_macro_precision,val_macro_recall,val_macro_f1,val_weighted_f1,val_balanced_accuracy
1,0.7544434986323059,0.8127378553839266,0.24069845010864843,0.23730576541159282,0.23803425719065222,0.8031068716037846,0.23730576541159282,2.0863889826748667,0.5508559919436052,0.1315024432346646,0.13274332315883564,0.13025755480735904,0.5414841247867389,0.13274332315883564
2,0.2022503896853869,0.945265278710544,0.40477634597901924,0.3733179451269383,0.35534901869717955,0.9362466696985009,0.3733179451269383,2.502622146620851,0.5488418932527693,0.20661587107088708,0.19867782263904146,0.18987666535382153,0.539968191922712,0.19867782263904146
3,0.1272985056919995,0.9637340496977838,0.49503431810930154,0.47288777940280163,0.4516070397545964,0.9581609499444029,0.47288777940280163,2.4779421301166575,0.5709969788519638,0.22380352960862804,0.1949840494088498,0.1925478610797905,0.5449984518315364,0.1949840494088498
4,0.08638341863643197,0.9749272442355048,0.5917623220941111,0.575269073299677,0.5621094579444478,0.971895037922716,0.575269073299677,2.7967484571182237,0.5720040281973817,0.31770355647857795,0.21455291829456727,0.23251709365445308,0.5481509759296039,0.21455291829456727
5,0.0634357029429731,0.9816431609581374,0.6871802545368019,0.6494260806064723,0.6501811035666363,0.9793482203108469,0.6494260806064723,2.703570221245949,0.5840886203423967,0.2952541013625418,0.24524728259085435,0.25685696549379006,0.5673039132054492,0.24524728259085435
6,0.04406551602758335,0.9874636221177524,0.7641157659657992,0.7634885486511053,0.7598058534994229,0.9864073922920216,0.7634885486511053,2.7430772763364626,0.5820745216515609,0.37088767255239874,0.3463564424278128,0.3269404119548655,0.5714837800671163,0.3463564424278128
