test_loss,test_accuracy,test_macro_precision,test_macro_recall,test_macro_f1,test_weighted_precision,test_weighted_recall,test_weighted_f1,test_balanced_accuracy
3.1302681719651635,0.5959709911361805,0.46645668329135964,0.3064519509017356,0.33315381898130003,0.5762481155538123,0.5959709911361805,0.565047980320949,0.3064519509017356
