epoch,train_loss,train_accuracy,train_macro_precision,train_macro_recall,train_macro_f1,train_weighted_f1,train_balanced_accuracy,val_loss,val_accuracy,val_macro_precision,val_macro_recall,val_macro_f1,val_weighted_f1,val_balanced_accuracy
1,1.1391035352858425,0.7358051226938922,0.21254322609660606,0.21388784511982914,0.20147204782115885,0.7471363520659229,0.21388784511982914,1.8385552311865028,0.5797101449275363,0.12705406881360734,0.12216444726273515,0.12216030140840949,0.542366108627024,0.12216444726273515
2,0.17051978887579422,0.9605946623679026,0.36193506508812007,0.3582612266296323,0.3542281724646077,0.9456640056786543,0.3582612266296323,2.291546834455788,0.5813204508856683,0.19596605175903867,0.16321839792887416,0.17126610558006455,0.5489452123224444,0.16321839792887416
3,0.08492996352944092,0.9790435249865663,0.6749023832708363,0.5601545867383837,0.575812508705786,0.9744027935162181,0.5601545867383837,2.648890574773153,0.573268921095008,0.320554404259513,0.2649533313308636,0.28148082884157727,0.5480395953943863,0.2649533313308636
4,0.028265256566128466,0.9949847752104604,0.8343295131193313,0.83250837441893,0.8267119482391877,0.993776046538933,0.83250837441893,2.8126355123596682,0.5829307568438004,0.325549599277619,0.2936482773198056,0.2889969926893064,0.5547991119900827,0.2936482773198056
5,0.012311946110242417,0.9974923876052302,0.9387370334299576,0.9350349981767224,0.9363416039362549,0.9971308950970057,0.9350349981767224,3.07690973519895,0.5893719806763285,0.32844828937531817,0.26542747165949115,0.27896688503608813,0.5564466626613098,0.26542747165949115
6,0.006188762667481295,0.99892530897367,0.9964115707985076,0.999725781808899,0.9980154065989049,0.9989280841370318,0.999725781808899,3.2077895735005058,0.5942028985507246,0.3218947631930293,0.2796555116389579,0.2825597957523885,0.5589882974294871,0.2796555116389579
7,0.0027939698661552594,0.99964176965789,0.9998750088072736,0.9999427773925152,0.9999088367635194,0.9996418273909964,0.9999427773925152,3.497494148555393,0.5861513687600645,0.3669222984956901,0.3131609461192614,0.32237757337700584,0.548757271885223,0.3131609461192614
8,0.0028670394620750536,0.99964176965789,0.9980983159653519,0.9985422962594808,0.998293466763957,0.9996421598874334,0.9985422962594808,3.546425872762806,0.5925925925925926,0.3433678437637691,0.2637860504145589,0.2810369829022228,0.5543625062636185,0.2637860504145589
