test_loss,test_accuracy,test_macro_precision,test_macro_recall,test_macro_f1,test_weighted_precision,test_weighted_recall,test_weighted_f1,test_balanced_accuracy
2.510403667506818,0.6025382755842063,0.4559062892905292,0.29824818346493925,0.3337730586362399,0.57670986042859,0.6025382755842063,0.5728324878963845,0.29824818346493925
