epoch,train_loss,train_accuracy,train_macro_precision,train_macro_recall,train_macro_f1,train_weighted_f1,train_balanced_accuracy,val_loss,val_accuracy,val_macro_precision,val_macro_recall,val_macro_f1,val_weighted_f1,val_balanced_accuracy
1,0.9298012306441122,0.7828358208955224,0.2298439219675409,0.23615830938580973,0.22727286921494508,0.7800224361954678,0.23615830938580973,1.774990179554728,0.5892617449664429,0.16278796475886417,0.14639900316355614,0.1512309489219487,0.5613329604919179,0.14639900316355614
2,0.21898758356250933,0.9464179104477612,0.33979247464567947,0.3441888309575738,0.337655404078481,0.93396329068621,0.3441888309575738,2.184385714274925,0.5946308724832214,0.16751899438637244,0.15711286196521704,0.15958546641675897,0.5717389640538633,0.15711286196521704
3,0.14438747904638746,0.9607462686567164,0.4104081208258674,0.44355027004031694,0.4141670540169247,0.9535348723407251,0.44355027004031694,2.590274461963833,0.5812080536912752,0.21433915109199525,0.1760141962089835,0.1794166933615788,0.5532807624189919,0.1760141962089835
4,0.10019439662347979,0.9711940298507463,0.5732262726775552,0.5283863310677647,0.5149689972797866,0.9677297752894496,0.5283863310677647,2.4884536413538374,0.6,0.24787836130172167,0.18538529738316706,0.19219888498888485,0.5762830682788757,0.18538529738316706
5,0.07578443906645277,0.9805970149253731,0.6077460903605284,0.6123452390669659,0.6013797126952412,0.9779504310550037,0.6123452390669659,2.847159871158984,0.5785234899328859,0.3337939645189587,0.24978700675847673,0.26152473538042914,0.5619505666789166,0.24978700675847673
6,0.05981727789851156,0.9811940298507462,0.6696105837173816,0.6496856083617218,0.6495693233097811,0.9798752812081188,0.6496856083617218,2.3805888063955627,0.6026845637583893,0.3014377107285429,0.30820174814971313,0.2792997613146551,0.5765277389800115,0.30820174814971313
