test_loss,test_accuracy,test_macro_precision,test_macro_recall,test_macro_f1,test_weighted_precision,test_weighted_recall,test_weighted_f1,test_balanced_accuracy
2.3036693652534947,0.6011281224818694,0.4284255909433774,0.28436777695201726,0.3195289327275876,0.5737753363675042,0.6011281224818694,0.5726536539445167,0.28436777695201726
