epoch,train_loss,train_accuracy,train_macro_precision,train_macro_recall,train_macro_f1,train_weighted_f1,train_balanced_accuracy,val_loss,val_accuracy,val_macro_precision,val_macro_recall,val_macro_f1,val_weighted_f1,val_balanced_accuracy
1,1.5263000168373335,0.5423880597014925,0.10080597819804729,0.11101438980959784,0.10224143783696645,0.5270393352529279,0.11101438980959784,1.5054482909657012,0.5798657718120805,0.1115093876275311,0.11947754665858369,0.11449430915635912,0.5319526330936416,0.11947754665858369
2,0.43132651357508417,0.8705970149253731,0.22963148294226157,0.23321592012168674,0.22858344462601946,0.8499996457060245,0.23321592012168674,1.6543871137119779,0.5852348993288591,0.14389712773356453,0.13799417072934764,0.1369622205610872,0.5648614401899862,0.13799417072934764
3,0.21726014933034554,0.9450746268656717,0.2751962653918768,0.3060651931203207,0.28535132651270806,0.9307441298184678,0.3060651931203207,1.9901196964635144,0.5812080536912752,0.14907162928053047,0.1284155914903466,0.13328033950779083,0.5569616523989368,0.1284155914903466
4,0.13787111686681633,0.961044776119403,0.33448573233900436,0.3501869273193589,0.33218435916595823,0.9498368068233287,0.3501869273193589,2.1573081002139407,0.5879194630872483,0.16891325323597883,0.1462586698869533,0.14877912782161357,0.5663904840504705,0.1462586698869533
5,0.10393253908228518,0.968955223880597,0.4034423677326125,0.4155399944745901,0.39296319069284286,0.9621343839495644,0.4155399944745901,2.224865905710515,0.5838926174496645,0.16226797355134556,0.15107616901754936,0.15023396709897582,0.5736812965303715,0.15107616901754936
6,0.0771978399980424,0.9768656716417911,0.5133460207084332,0.5289164426715157,0.5153250752956395,0.973377580108413,0.5289164426715157,2.632608243443022,0.5785234899328859,0.24382220679390493,0.17335381413250475,0.19406490336215348,0.5562748731060325,0.17335381413250475
