test_loss,test_accuracy,test_macro_precision,test_macro_recall,test_macro_f1,test_weighted_precision,test_weighted_recall,test_weighted_f1,test_balanced_accuracy
2.153182715585787,0.6059629331184528,0.5362971753264878,0.36266862012027923,0.4040580748009479,0.5884254135376484,0.6059629331184528,0.5797881540157286,0.36266862012027923
