epoch,train_loss,train_accuracy,train_macro_precision,train_macro_recall,train_macro_f1,train_weighted_f1,train_balanced_accuracy,val_loss,val_accuracy,val_macro_precision,val_macro_recall,val_macro_f1,val_weighted_f1,val_balanced_accuracy
1,1.4102440336913051,0.5935751063353482,0.12040719643072204,0.12507814210349666,0.11983776930553702,0.5723358446305538,0.12507814210349666,1.6542041565836496,0.5508559919436052,0.12044855729066255,0.11346259492503584,0.11181041621117747,0.5154942073802143,0.11346259492503584
2,0.3976038084424847,0.8940004477277815,0.2317020808379242,0.24206291706160518,0.23264480703115353,0.8696167952060615,0.24206291706160518,1.8216906170110327,0.5307150050352467,0.1303672447463793,0.12933216083248672,0.12603434423452606,0.5290121400212338,0.12933216083248672
3,0.23139941113251875,0.9366465189164987,0.33889006328855587,0.30096063657241984,0.2920114891719403,0.9205700458252374,0.30096063657241984,2.1869866887608325,0.5589123867069486,0.15736758221878658,0.13454550690741013,0.13796005328864624,0.5391756914162309,0.13454550690741013
4,0.161197947109302,0.9545556301768525,0.32156803799827416,0.35367299458133816,0.33278062872265646,0.9448317175874048,0.35367299458133816,2.4093510031339984,0.553877139979859,0.15637742159512386,0.17708494292085622,0.14681695611548695,0.5433292980420381,0.17708494292085622
5,0.11946178654482735,0.9647414372061787,0.37807148875159563,0.4039873938649394,0.36944050142017215,0.9573658306248485,0.4039873938649394,2.655819264063302,0.5297079556898288,0.16292403725522903,0.18319810275000106,0.15697377586862182,0.531025077514976,0.18319810275000106
6,0.09293465263089104,0.9704499664204164,0.41435750020846074,0.4548579874547962,0.4196156176989419,0.964676086242031,0.4548579874547962,2.854676202704899,0.5236656596173213,0.16565563623913765,0.19036250317495224,0.15339930990637704,0.531983874594161,0.19036250317495224
