test_loss,test_accuracy,test_macro_precision,test_macro_recall,test_macro_f1,test_weighted_precision,test_weighted_recall,test_weighted_f1,test_balanced_accuracy
2.339208372123389,0.6089175396185872,0.5080964580781678,0.33415240372915117,0.376365886892476,0.5840910558871761,0.6089175396185872,0.5837029048940454,0.33415240372915117
