epoch,train_loss,train_accuracy,train_macro_precision,train_macro_recall,train_macro_f1,train_weighted_f1,train_balanced_accuracy,val_loss,val_accuracy,val_macro_precision,val_macro_recall,val_macro_f1,val_weighted_f1,val_balanced_accuracy
1,0.3617504845584569,0.935525137520788,0.665675386043411,0.5155666129266908,0.5464342130480697,0.9431047432222999,0.5155666129266908,2.0283734257942787,0.6064441887226697,0.4052726563427583,0.28483180541561265,0.31338753443702666,0.5836321482868163,0.28483180541561265
2,0.02863035091430471,0.9943712421645132,0.9880094188482708,0.9383810134981415,0.9521375728418034,0.9942071325475629,0.9383810134981415,2.3175347965249258,0.6098964326812428,0.41373787385640765,0.2858666505930724,0.31435729308905624,0.5870791349550749,0.2858666505930724
3,0.017656920131525145,0.9964180631955993,0.9994278937911648,0.9992965537743804,0.9993621478574075,0.9964186291865929,0.9992965537743804,2.423747623611512,0.6052934407364787,0.4414624460695117,0.2862395586697157,0.3148146264180536,0.583961772877126,0.2862395586697157
4,0.01621750552906349,0.9955225789944991,0.9991257984468003,0.9990849922542601,0.9991051045937155,0.995522855706443,0.9990849922542601,2.549726749865726,0.5995397008055235,0.35777975829818776,0.2649081601193456,0.2843526653941618,0.575331867926575,0.2649081601193456
5,0.015285879156237843,0.9961622105667136,0.999255737674102,0.9992072322553653,0.9992314562562882,0.9961624891472046,0.9992072322553653,2.553682308888408,0.6006904487917146,0.3645019045723893,0.2673972457366145,0.2873645400514198,0.5774938168741007,0.2673972457366145
6,0.013626177515369922,0.9964180631955993,0.9993402578395096,0.9992870941631262,0.9993135668783544,0.9964177624566041,0.9992870941631262,2.5829819450444265,0.6075949367088608,0.3602767335004177,0.2686033275339363,0.2879776793878085,0.5842039209388364,0.2686033275339363
