test_loss,test_accuracy,test_macro_precision,test_macro_recall,test_macro_f1,test_weighted_precision,test_weighted_recall,test_weighted_f1,test_balanced_accuracy
2.4392973706506447,0.604351329572925,0.5058011115800246,0.3542990544965351,0.3888469363290387,0.5809808415976463,0.604351329572925,0.5810719336624112,0.3542990544965351
