epoch,train_loss,train_accuracy,train_macro_precision,train_macro_recall,train_macro_f1,train_weighted_f1,train_balanced_accuracy,val_loss,val_accuracy,val_macro_precision,val_macro_recall,val_macro_f1,val_weighted_f1,val_balanced_accuracy
1,0.801401924992425,0.8081105283356786,0.23103207170405046,0.24614428997142931,0.23777485475447388,0.8016839948901805,0.24614428997142931,1.912125473055384,0.5627157652474108,0.2188914154761202,0.12566703070878668,0.1322957070996262,0.5335473579753228,0.12566703070878668
2,0.19212287100925765,0.9490853268517334,0.3929340905130845,0.3900493023058333,0.3819512073403894,0.9405531737008874,0.3900493023058333,2.1997917378867866,0.5857307249712314,0.22923174151321604,0.15423705340677657,0.17141436933513696,0.5529649667473107,0.15423705340677657
3,0.1379819096254181,0.9576563899194064,0.4019102880082556,0.4442880442974857,0.4178805688166969,0.9530816468499329,0.4442880442974857,2.3750225258916102,0.5868814729574223,0.17812664042199927,0.13848460409501265,0.14919616163659977,0.5730514349536521,0.13848460409501265
4,0.10684866581607295,0.9690418319048228,0.5151948709571101,0.5131681315526253,0.4980609741186862,0.9663195969972331,0.5131681315526253,2.7614508882353577,0.5868814729574223,0.2612118563942773,0.14346225051620198,0.16117243412084034,0.5589643872033228,0.14346225051620198
5,0.08142664831275143,0.9760777791991813,0.5333041743650002,0.5763493195255175,0.5499112103942351,0.9735828644147297,0.5763493195255175,2.8473646231981635,0.5845799769850403,0.2799015315808705,0.17716645221877264,0.1999010675627598,0.5619253189255142,0.17716645221877264
6,0.07148450006643524,0.9767174107713956,0.561428123752719,0.5764448601487251,0.5575739460222069,0.9744925288196785,0.5764448601487251,3.07056411582938,0.5799769850402762,0.19530808897899013,0.1640517031820018,0.1727170593120988,0.5632796883533991,0.1640517031820018
